,Date,type,value,area
0,01-Jan-05,england,81.5,England
1,01-Jan-05,northwest,88.599998,Northwest
2,01-Jan-05,westmidlands,87.599998,Westmidlands
3,01-Jan-05,london,75.5,London
4,01-Jan-05,southwest,82.900002,Southwest
5,01-Feb-05,england,81.599998,England
6,01-Feb-05,northwest,88.599998,Northwest
7,01-Feb-05,westmidlands,87.699997,Westmidlands
8,01-Feb-05,london,75.5,London
9,01-Feb-05,southwest,83.400002,Southwest
10,01-Mar-05,england,81.699997,England
11,01-Mar-05,northwest,88.599998,Northwest
12,01-Mar-05,westmidlands,87.900002,Westmidlands
13,01-Mar-05,london,75.5,London
14,01-Mar-05,southwest,83.5,Southwest
15,01-Apr-05,england,81.800003,England
16,01-Apr-05,northwest,88.599998,Northwest
17,01-Apr-05,westmidlands,88.099998,Westmidlands
18,01-Apr-05,london,75.599998,London
19,01-Apr-05,southwest,83.699997,Southwest
20,01-May-05,england,82,England
21,01-May-05,northwest,88.699997,Northwest
22,01-May-05,westmidlands,88.300003,Westmidlands
23,01-May-05,london,75.599998,London
24,01-May-05,southwest,84,Southwest
25,01-Jun-05,england,82.099998,England
26,01-Jun-05,northwest,89,Northwest
27,01-Jun-05,westmidlands,88.400002,Westmidlands
28,01-Jun-05,london,75.599998,London
29,01-Jun-05,southwest,84.300003,Southwest
30,01-Jul-05,england,82.300003,England
31,01-Jul-05,northwest,89.099998,Northwest
32,01-Jul-05,westmidlands,88.599998,Westmidlands
33,01-Jul-05,london,75.699997,London
34,01-Jul-05,southwest,84.5,Southwest
35,01-Aug-05,england,82.5,England
36,01-Aug-05,northwest,89.199997,Northwest
37,01-Aug-05,westmidlands,88.900002,Westmidlands
38,01-Aug-05,london,76,London
39,01-Aug-05,southwest,84.800003,Southwest
40,01-Sep-05,england,82.699997,England
41,01-Sep-05,northwest,89.400002,Northwest
42,01-Sep-05,westmidlands,89.099998,Westmidlands
43,01-Sep-05,london,76.199997,London
44,01-Sep-05,southwest,85.099998,Southwest
45,01-Oct-05,england,82.800003,England
46,01-Oct-05,northwest,89.5,Northwest
47,01-Oct-05,westmidlands,89.199997,Westmidlands
48,01-Oct-05,london,76.199997,London
49,01-Oct-05,southwest,85.199997,Southwest
50,01-Nov-05,england,83,England
51,01-Nov-05,northwest,89.699997,Northwest
52,01-Nov-05,westmidlands,89.400002,Westmidlands
53,01-Nov-05,london,76.300003,London
54,01-Nov-05,southwest,85.5,Southwest
55,01-Dec-05,england,83.199997,England
56,01-Dec-05,northwest,90,Northwest
57,01-Dec-05,westmidlands,89.900002,Westmidlands
58,01-Dec-05,london,76.5,London
59,01-Dec-05,southwest,85.800003,Southwest
60,01-Jan-06,england,83.5,England
61,01-Jan-06,northwest,90.300003,Northwest
62,01-Jan-06,westmidlands,90.199997,Westmidlands
63,01-Jan-06,london,76.800003,London
64,01-Jan-06,southwest,86,Southwest
65,01-Feb-06,england,83.699997,England
66,01-Feb-06,northwest,90.400002,Northwest
67,01-Feb-06,westmidlands,90.199997,Westmidlands
68,01-Feb-06,london,77,London
69,01-Feb-06,southwest,86.099998,Southwest
70,01-Mar-06,england,83.800003,England
71,01-Mar-06,northwest,90.5,Northwest
72,01-Mar-06,westmidlands,90.300003,Westmidlands
73,01-Mar-06,london,77.099998,London
74,01-Mar-06,southwest,86.300003,Southwest
75,01-Apr-06,england,84,England
76,01-Apr-06,northwest,90.599998,Northwest
77,01-Apr-06,westmidlands,90.5,Westmidlands
78,01-Apr-06,london,77.300003,London
79,01-Apr-06,southwest,86.400002,Southwest
80,01-May-06,england,84.099998,England
81,01-May-06,northwest,90.699997,Northwest
82,01-May-06,westmidlands,90.599998,Westmidlands
83,01-May-06,london,77.400002,London
84,01-May-06,southwest,86.400002,Southwest
85,01-Jun-06,england,84.199997,England
86,01-Jun-06,northwest,90.699997,Northwest
87,01-Jun-06,westmidlands,90.800003,Westmidlands
88,01-Jun-06,london,77.599998,London
89,01-Jun-06,southwest,86.5,Southwest
90,01-Jul-06,england,84.400002,England
91,01-Jul-06,northwest,90.699997,Northwest
92,01-Jul-06,westmidlands,90.900002,Westmidlands
93,01-Jul-06,london,77.800003,London
94,01-Jul-06,southwest,86.599998,Southwest
95,01-Aug-06,england,84.599998,England
96,01-Aug-06,northwest,90.800003,Northwest
97,01-Aug-06,westmidlands,91.099998,Westmidlands
98,01-Aug-06,london,77.900002,London
99,01-Aug-06,southwest,86.800003,Southwest
100,01-Sep-06,england,84.699997,England
101,01-Sep-06,northwest,91,Northwest
102,01-Sep-06,westmidlands,91.300003,Westmidlands
103,01-Sep-06,london,77.900002,London
104,01-Sep-06,southwest,87.099998,Southwest
105,01-Oct-06,england,84.800003,England
106,01-Oct-06,northwest,91.099998,Northwest
107,01-Oct-06,westmidlands,91.400002,Westmidlands
108,01-Oct-06,london,78,London
109,01-Oct-06,southwest,87.099998,Southwest
110,01-Nov-06,england,85,England
111,01-Nov-06,northwest,91.5,Northwest
112,01-Nov-06,westmidlands,91.599998,Westmidlands
113,01-Nov-06,london,78.199997,London
114,01-Nov-06,southwest,87.400002,Southwest
115,01-Dec-06,england,85.199997,England
116,01-Dec-06,northwest,91.599998,Northwest
117,01-Dec-06,westmidlands,91.900002,Westmidlands
118,01-Dec-06,london,78.199997,London
119,01-Dec-06,southwest,87.699997,Southwest
120,01-Jan-07,england,85.400002,England
121,01-Jan-07,northwest,91.900002,Northwest
122,01-Jan-07,westmidlands,92.099998,Westmidlands
123,01-Jan-07,london,78.400002,London
124,01-Jan-07,southwest,87.900002,Southwest
125,01-Feb-07,england,85.599998,England
126,01-Feb-07,northwest,91.900002,Northwest
127,01-Feb-07,westmidlands,92.099998,Westmidlands
128,01-Feb-07,london,78.599998,London
129,01-Feb-07,southwest,88.199997,Southwest
130,01-Mar-07,england,85.800003,England
131,01-Mar-07,northwest,92.300003,Northwest
132,01-Mar-07,westmidlands,92.199997,Westmidlands
133,01-Mar-07,london,78.800003,London
134,01-Mar-07,southwest,88.5,Southwest
135,01-Apr-07,england,86,England
136,01-Apr-07,northwest,92.599998,Northwest
137,01-Apr-07,westmidlands,92.199997,Westmidlands
138,01-Apr-07,london,79.199997,London
139,01-Apr-07,southwest,88.5,Southwest
140,01-May-07,england,86.199997,England
141,01-May-07,northwest,92.900002,Northwest
142,01-May-07,westmidlands,92.300003,Westmidlands
143,01-May-07,london,79.300003,London
144,01-May-07,southwest,88.800003,Southwest
145,01-Jun-07,england,86.300003,England
146,01-Jun-07,northwest,92.900002,Northwest
147,01-Jun-07,westmidlands,92.5,Westmidlands
148,01-Jun-07,london,79.699997,London
149,01-Jun-07,southwest,89.099998,Southwest
150,01-Jul-07,england,86.599998,England
151,01-Jul-07,northwest,93,Northwest
152,01-Jul-07,westmidlands,92.800003,Westmidlands
153,01-Jul-07,london,80,London
154,01-Jul-07,southwest,89.400002,Southwest
155,01-Aug-07,england,86.900002,England
156,01-Aug-07,northwest,93.400002,Northwest
157,01-Aug-07,westmidlands,93.099998,Westmidlands
158,01-Aug-07,london,80.300003,London
159,01-Aug-07,southwest,89.800003,Southwest
160,01-Sep-07,england,87.199997,England
161,01-Sep-07,northwest,93.599998,Northwest
162,01-Sep-07,westmidlands,93.199997,Westmidlands
163,01-Sep-07,london,80.599998,London
164,01-Sep-07,southwest,90,Southwest
165,01-Oct-07,england,87.400002,England
166,01-Oct-07,northwest,93.900002,Northwest
167,01-Oct-07,westmidlands,93.400002,Westmidlands
168,01-Oct-07,london,80.900002,London
169,01-Oct-07,southwest,90.300003,Southwest
170,01-Nov-07,england,87.699997,England
171,01-Nov-07,northwest,93.900002,Northwest
172,01-Nov-07,westmidlands,93.699997,Westmidlands
173,01-Nov-07,london,81.199997,London
174,01-Nov-07,southwest,90.599998,Southwest
175,01-Dec-07,england,88,England
176,01-Dec-07,northwest,94,Northwest
177,01-Dec-07,westmidlands,93.800003,Westmidlands
178,01-Dec-07,london,81.699997,London
179,01-Dec-07,southwest,90.900002,Southwest
180,01-Jan-08,england,88.5,England
181,01-Jan-08,northwest,94.300003,Northwest
182,01-Jan-08,westmidlands,94.099998,Westmidlands
183,01-Jan-08,london,82.199997,London
184,01-Jan-08,southwest,91.5,Southwest
185,01-Feb-08,england,88.599998,England
186,01-Feb-08,northwest,94.300003,Northwest
187,01-Feb-08,westmidlands,94,Westmidlands
188,01-Feb-08,london,82.400002,London
189,01-Feb-08,southwest,91.599998,Southwest
190,01-Mar-08,england,88.800003,England
191,01-Mar-08,northwest,94.400002,Northwest
192,01-Mar-08,westmidlands,94.199997,Westmidlands
193,01-Mar-08,london,82.599998,London
194,01-Mar-08,southwest,91.800003,Southwest
195,01-Apr-08,england,89,England
196,01-Apr-08,northwest,94.5,Northwest
197,01-Apr-08,westmidlands,94.400002,Westmidlands
198,01-Apr-08,london,82.800003,London
199,01-Apr-08,southwest,92,Southwest
200,01-May-08,england,89.199997,England
201,01-May-08,northwest,94.699997,Northwest
202,01-May-08,westmidlands,94.599998,Westmidlands
203,01-May-08,london,83.099998,London
204,01-May-08,southwest,92.099998,Southwest
205,01-Jun-08,england,89.400002,England
206,01-Jun-08,northwest,94.800003,Northwest
207,01-Jun-08,westmidlands,94.800003,Westmidlands
208,01-Jun-08,london,83.400002,London
209,01-Jun-08,southwest,92.300003,Southwest
210,01-Jul-08,england,89.599998,England
211,01-Jul-08,northwest,94.800003,Northwest
212,01-Jul-08,westmidlands,95,Westmidlands
213,01-Jul-08,london,83.599998,London
214,01-Jul-08,southwest,92.5,Southwest
215,01-Aug-08,england,89.800003,England
216,01-Aug-08,northwest,95,Northwest
217,01-Aug-08,westmidlands,95.099998,Westmidlands
218,01-Aug-08,london,83.800003,London
219,01-Aug-08,southwest,92.800003,Southwest
220,01-Sep-08,england,90,England
221,01-Sep-08,northwest,95.199997,Northwest
222,01-Sep-08,westmidlands,95.199997,Westmidlands
223,01-Sep-08,london,84,London
224,01-Sep-08,southwest,93.199997,Southwest
225,01-Oct-08,england,90.400002,England
226,01-Oct-08,northwest,95.400002,Northwest
227,01-Oct-08,westmidlands,95.400002,Westmidlands
228,01-Oct-08,london,84.5,London
229,01-Oct-08,southwest,93.599998,Southwest
230,01-Nov-08,england,90.599998,England
231,01-Nov-08,northwest,95.800003,Northwest
232,01-Nov-08,westmidlands,95.599998,Westmidlands
233,01-Nov-08,london,84.900002,London
234,01-Nov-08,southwest,93.800003,Southwest
235,01-Dec-08,england,90.900002,England
236,01-Dec-08,northwest,95.900002,Northwest
237,01-Dec-08,westmidlands,95.800003,Westmidlands
238,01-Dec-08,london,85.199997,London
239,01-Dec-08,southwest,93.900002,Southwest
240,01-Jan-09,england,91.099998,England
241,01-Jan-09,northwest,95.900002,Northwest
242,01-Jan-09,westmidlands,95.900002,Westmidlands
243,01-Jan-09,london,85.5,London
244,01-Jan-09,southwest,94,Southwest
245,01-Feb-09,england,91.199997,England
246,01-Feb-09,northwest,95.900002,Northwest
247,01-Feb-09,westmidlands,96,Westmidlands
248,01-Feb-09,london,85.699997,London
249,01-Feb-09,southwest,93.900002,Southwest
250,01-Mar-09,england,91.199997,England
251,01-Mar-09,northwest,95.900002,Northwest
252,01-Mar-09,westmidlands,96,Westmidlands
253,01-Mar-09,london,85.699997,London
254,01-Mar-09,southwest,93.800003,Southwest
255,01-Apr-09,england,91.300003,England
256,01-Apr-09,northwest,96,Northwest
257,01-Apr-09,westmidlands,96.099998,Westmidlands
258,01-Apr-09,london,85.800003,London
259,01-Apr-09,southwest,94,Southwest
260,01-May-09,england,91.300003,England
261,01-May-09,northwest,96.199997,Northwest
262,01-May-09,westmidlands,95.900002,Westmidlands
263,01-May-09,london,85.800003,London
264,01-May-09,southwest,94.099998,Southwest
265,01-Jun-09,england,91.300003,England
266,01-Jun-09,northwest,96.300003,Northwest
267,01-Jun-09,westmidlands,95.800003,Westmidlands
268,01-Jun-09,london,85.699997,London
269,01-Jun-09,southwest,94.199997,Southwest
270,01-Jul-09,england,91.199997,England
271,01-Jul-09,northwest,96.5,Northwest
272,01-Jul-09,westmidlands,95.699997,Westmidlands
273,01-Jul-09,london,85.5,London
274,01-Jul-09,southwest,94,Southwest
275,01-Aug-09,england,91.099998,England
276,01-Aug-09,northwest,96.5,Northwest
277,01-Aug-09,westmidlands,95.5,Westmidlands
278,01-Aug-09,london,85.400002,London
279,01-Aug-09,southwest,93.599998,Southwest
280,01-Sep-09,england,91,England
281,01-Sep-09,northwest,96.300003,Northwest
282,01-Sep-09,westmidlands,95.300003,Westmidlands
283,01-Sep-09,london,85.300003,London
284,01-Sep-09,southwest,93.699997,Southwest
285,01-Oct-09,england,90.800003,England
286,01-Oct-09,northwest,96.300003,Northwest
287,01-Oct-09,westmidlands,95.099998,Westmidlands
288,01-Oct-09,london,85.099998,London
289,01-Oct-09,southwest,93.400002,Southwest
290,01-Nov-09,england,90.599998,England
291,01-Nov-09,northwest,96.300003,Northwest
292,01-Nov-09,westmidlands,94.900002,Westmidlands
293,01-Nov-09,london,84.900002,London
294,01-Nov-09,southwest,93.400002,Southwest
295,01-Dec-09,england,90.400002,England
296,01-Dec-09,northwest,96.300003,Northwest
297,01-Dec-09,westmidlands,94.800003,Westmidlands
298,01-Dec-09,london,84.800003,London
299,01-Dec-09,southwest,93.300003,Southwest
300,01-Jan-10,england,90.300003,England
301,01-Jan-10,northwest,96.199997,Northwest
302,01-Jan-10,westmidlands,94.699997,Westmidlands
303,01-Jan-10,london,84.699997,London
304,01-Jan-10,southwest,93.199997,Southwest
305,01-Feb-10,england,90.099998,England
306,01-Feb-10,northwest,96.199997,Northwest
307,01-Feb-10,westmidlands,94.599998,Westmidlands
308,01-Feb-10,london,84.599998,London
309,01-Feb-10,southwest,93,Southwest
310,01-Mar-10,england,90.099998,England
311,01-Mar-10,northwest,96.199997,Northwest
312,01-Mar-10,westmidlands,94.699997,Westmidlands
313,01-Mar-10,london,84.5,London
314,01-Mar-10,southwest,92.900002,Southwest
315,01-Apr-10,england,90,England
316,01-Apr-10,northwest,96.199997,Northwest
317,01-Apr-10,westmidlands,94.599998,Westmidlands
318,01-Apr-10,london,84.400002,London
319,01-Apr-10,southwest,92.800003,Southwest
320,01-May-10,england,90.099998,England
321,01-May-10,northwest,96.300003,Northwest
322,01-May-10,westmidlands,94.599998,Westmidlands
323,01-May-10,london,84.5,London
324,01-May-10,southwest,92.800003,Southwest
325,01-Jun-10,england,90.099998,England
326,01-Jun-10,northwest,96.400002,Northwest
327,01-Jun-10,westmidlands,94.599998,Westmidlands
328,01-Jun-10,london,84.5,London
329,01-Jun-10,southwest,92.800003,Southwest
330,01-Jul-10,england,90.199997,England
331,01-Jul-10,northwest,96.5,Northwest
332,01-Jul-10,westmidlands,94.599998,Westmidlands
333,01-Jul-10,london,84.699997,London
334,01-Jul-10,southwest,92.900002,Southwest
335,01-Aug-10,england,90.300003,England
336,01-Aug-10,northwest,96.599998,Northwest
337,01-Aug-10,westmidlands,94.800003,Westmidlands
338,01-Aug-10,london,84.800003,London
339,01-Aug-10,southwest,93,Southwest
340,01-Sep-10,england,90.5,England
341,01-Sep-10,northwest,96.699997,Northwest
342,01-Sep-10,westmidlands,94.900002,Westmidlands
343,01-Sep-10,london,85,London
344,01-Sep-10,southwest,93.300003,Southwest
345,01-Oct-10,england,90.699997,England
346,01-Oct-10,northwest,96.900002,Northwest
347,01-Oct-10,westmidlands,95,Westmidlands
348,01-Oct-10,london,85.300003,London
349,01-Oct-10,southwest,93.400002,Southwest
350,01-Nov-10,england,90.800003,England
351,01-Nov-10,northwest,97.099998,Northwest
352,01-Nov-10,westmidlands,95.099998,Westmidlands
353,01-Nov-10,london,85.5,London
354,01-Nov-10,southwest,93.5,Southwest
355,01-Dec-10,england,91.099998,England
356,01-Dec-10,northwest,97.199997,Northwest
357,01-Dec-10,westmidlands,95.099998,Westmidlands
358,01-Dec-10,london,85.900002,London
359,01-Dec-10,southwest,93.599998,Southwest
360,01-Jan-11,england,91.400002,England
361,01-Jan-11,northwest,97.300003,Northwest
362,01-Jan-11,westmidlands,95.300003,Westmidlands
363,01-Jan-11,london,86.300003,London
364,01-Jan-11,southwest,93.699997,Southwest
365,01-Feb-11,england,91.599998,England
366,01-Feb-11,northwest,97.300003,Northwest
367,01-Feb-11,westmidlands,95.300003,Westmidlands
368,01-Feb-11,london,86.599998,London
369,01-Feb-11,southwest,93.699997,Southwest
370,01-Mar-11,england,91.699997,England
371,01-Mar-11,northwest,97.400002,Northwest
372,01-Mar-11,westmidlands,95.400002,Westmidlands
373,01-Mar-11,london,86.800003,London
374,01-Mar-11,southwest,93.900002,Southwest
375,01-Apr-11,england,91.900002,England
376,01-Apr-11,northwest,97.599998,Northwest
377,01-Apr-11,westmidlands,95.5,Westmidlands
378,01-Apr-11,london,87.099998,London
379,01-Apr-11,southwest,94,Southwest
380,01-May-11,england,92.099998,England
381,01-May-11,northwest,97.699997,Northwest
382,01-May-11,westmidlands,95.5,Westmidlands
383,01-May-11,london,87.400002,London
384,01-May-11,southwest,94.099998,Southwest
385,01-Jun-11,england,92.300003,England
386,01-Jun-11,northwest,97.800003,Northwest
387,01-Jun-11,westmidlands,95.599998,Westmidlands
388,01-Jun-11,london,87.699997,London
389,01-Jun-11,southwest,94.300003,Southwest
390,01-Jul-11,england,92.5,England
391,01-Jul-11,northwest,97.800003,Northwest
392,01-Jul-11,westmidlands,95.800003,Westmidlands
393,01-Jul-11,london,88,London
394,01-Jul-11,southwest,94.400002,Southwest
395,01-Aug-11,england,92.699997,England
396,01-Aug-11,northwest,97.900002,Northwest
397,01-Aug-11,westmidlands,95.900002,Westmidlands
398,01-Aug-11,london,88.400002,London
399,01-Aug-11,southwest,94.5,Southwest
400,01-Sep-11,england,93,England
401,01-Sep-11,northwest,98.099998,Northwest
402,01-Sep-11,westmidlands,96.099998,Westmidlands
403,01-Sep-11,london,88.800003,London
404,01-Sep-11,southwest,94.900002,Southwest
405,01-Oct-11,england,93.199997,England
406,01-Oct-11,northwest,98.199997,Northwest
407,01-Oct-11,westmidlands,96.199997,Westmidlands
408,01-Oct-11,london,89.099998,London
409,01-Oct-11,southwest,95,Southwest
410,01-Nov-11,england,93.400002,England
411,01-Nov-11,northwest,98.300003,Northwest
412,01-Nov-11,westmidlands,96.300003,Westmidlands
413,01-Nov-11,london,89.5,London
414,01-Nov-11,southwest,95.300003,Southwest
415,01-Dec-11,england,93.800003,England
416,01-Dec-11,northwest,98.300003,Northwest
417,01-Dec-11,westmidlands,96.400002,Westmidlands
418,01-Dec-11,london,90,London
419,01-Dec-11,southwest,95.400002,Southwest
420,01-Jan-12,england,94,England
421,01-Jan-12,northwest,98.400002,Northwest
422,01-Jan-12,westmidlands,96.599998,Westmidlands
423,01-Jan-12,london,90.5,London
424,01-Jan-12,southwest,95.599998,Southwest
425,01-Feb-12,england,94.199997,England
426,01-Feb-12,northwest,98.5,Northwest
427,01-Feb-12,westmidlands,96.599998,Westmidlands
428,01-Feb-12,london,90.800003,London
429,01-Feb-12,southwest,95.699997,Southwest
430,01-Mar-12,england,94.300003,England
431,01-Mar-12,northwest,98.599998,Northwest
432,01-Mar-12,westmidlands,96.599998,Westmidlands
433,01-Mar-12,london,91,London
434,01-Mar-12,southwest,95.699997,Southwest
435,01-Apr-12,england,94.599998,England
436,01-Apr-12,northwest,98.699997,Northwest
437,01-Apr-12,westmidlands,96.699997,Westmidlands
438,01-Apr-12,london,91.599998,London
439,01-Apr-12,southwest,95.699997,Southwest
440,01-May-12,england,94.800003,England
441,01-May-12,northwest,98.699997,Northwest
442,01-May-12,westmidlands,96.800003,Westmidlands
443,01-May-12,london,91.900002,London
444,01-May-12,southwest,95.900002,Southwest
445,01-Jun-12,england,95,England
446,01-Jun-12,northwest,98.699997,Northwest
447,01-Jun-12,westmidlands,96.900002,Westmidlands
448,01-Jun-12,london,92.300003,London
449,01-Jun-12,southwest,96,Southwest
450,01-Jul-12,england,95.199997,England
451,01-Jul-12,northwest,98.800003,Northwest
452,01-Jul-12,westmidlands,97,Westmidlands
453,01-Jul-12,london,92.599998,London
454,01-Jul-12,southwest,96.199997,Southwest
455,01-Aug-12,england,95.400002,England
456,01-Aug-12,northwest,98.900002,Northwest
457,01-Aug-12,westmidlands,96.900002,Westmidlands
458,01-Aug-12,london,92.900002,London
459,01-Aug-12,southwest,96.400002,Southwest
460,01-Sep-12,england,95.699997,England
461,01-Sep-12,northwest,98.900002,Northwest
462,01-Sep-12,westmidlands,97.199997,Westmidlands
463,01-Sep-12,london,93.5,London
464,01-Sep-12,southwest,96.699997,Southwest
465,01-Oct-12,england,95.900002,England
466,01-Oct-12,northwest,99,Northwest
467,01-Oct-12,westmidlands,97.400002,Westmidlands
468,01-Oct-12,london,93.800003,London
469,01-Oct-12,southwest,96.900002,Southwest
470,01-Nov-12,england,96.099998,England
471,01-Nov-12,northwest,99,Northwest
472,01-Nov-12,westmidlands,97.5,Westmidlands
473,01-Nov-12,london,94,London
474,01-Nov-12,southwest,96.900002,Southwest
475,01-Dec-12,england,96.300003,England
476,01-Dec-12,northwest,99.099998,Northwest
477,01-Dec-12,westmidlands,97.699997,Westmidlands
478,01-Dec-12,london,94.400002,London
479,01-Dec-12,southwest,97,Southwest
480,01-Jan-13,england,96.400002,England
481,01-Jan-13,northwest,99.099998,Northwest
482,01-Jan-13,westmidlands,97.800003,Westmidlands
483,01-Jan-13,london,94.699997,London
484,01-Jan-13,southwest,97.099998,Southwest
485,01-Feb-13,england,96.599998,England
486,01-Feb-13,northwest,99.099998,Northwest
487,01-Feb-13,westmidlands,97.900002,Westmidlands
488,01-Feb-13,london,94.900002,London
489,01-Feb-13,southwest,97.199997,Southwest
490,01-Mar-13,england,96.699997,England
491,01-Mar-13,northwest,99,Northwest
492,01-Mar-13,westmidlands,97.900002,Westmidlands
493,01-Mar-13,london,95.099998,London
494,01-Mar-13,southwest,97.199997,Southwest
495,01-Apr-13,england,96.800003,England
496,01-Apr-13,northwest,99.099998,Northwest
497,01-Apr-13,westmidlands,97.900002,Westmidlands
498,01-Apr-13,london,95.400002,London
499,01-Apr-13,southwest,97.199997,Southwest
500,01-May-13,england,97,England
501,01-May-13,northwest,99.099998,Northwest
502,01-May-13,westmidlands,97.900002,Westmidlands
503,01-May-13,london,95.800003,London
504,01-May-13,southwest,97.400002,Southwest
505,01-Jun-13,england,97.199997,England
506,01-Jun-13,northwest,99.099998,Northwest
507,01-Jun-13,westmidlands,98,Westmidlands
508,01-Jun-13,london,96,London
509,01-Jun-13,southwest,97.5,Southwest
510,01-Jul-13,england,97.300003,England
511,01-Jul-13,northwest,99.199997,Northwest
512,01-Jul-13,westmidlands,98,Westmidlands
513,01-Jul-13,london,96.300003,London
514,01-Jul-13,southwest,97.699997,Southwest
515,01-Aug-13,england,97.5,England
516,01-Aug-13,northwest,99.199997,Northwest
517,01-Aug-13,westmidlands,98,Westmidlands
518,01-Aug-13,london,96.699997,London
519,01-Aug-13,southwest,97.900002,Southwest
520,01-Sep-13,england,97.599998,England
521,01-Sep-13,northwest,99.300003,Northwest
522,01-Sep-13,westmidlands,98,Westmidlands
523,01-Sep-13,london,96.800003,London
524,01-Sep-13,southwest,97.900002,Southwest
525,01-Oct-13,england,97.699997,England
526,01-Oct-13,northwest,99.300003,Northwest
527,01-Oct-13,westmidlands,98,Westmidlands
528,01-Oct-13,london,96.900002,London
529,01-Oct-13,southwest,98.099998,Southwest
530,01-Nov-13,england,97.900002,England
531,01-Nov-13,northwest,99.400002,Northwest
532,01-Nov-13,westmidlands,98.199997,Westmidlands
533,01-Nov-13,london,97.199997,London
534,01-Nov-13,southwest,98.300003,Southwest
535,01-Dec-13,england,98,England
536,01-Dec-13,northwest,99.400002,Northwest
537,01-Dec-13,westmidlands,98.5,Westmidlands
538,01-Dec-13,london,97.199997,London
539,01-Dec-13,southwest,98.300003,Southwest
540,01-Jan-14,england,98.099998,England
541,01-Jan-14,northwest,99.400002,Northwest
542,01-Jan-14,westmidlands,98.800003,Westmidlands
543,01-Jan-14,london,97.300003,London
544,01-Jan-14,southwest,98.400002,Southwest
545,01-Feb-14,england,98.099998,England
546,01-Feb-14,northwest,99.400002,Northwest
547,01-Feb-14,westmidlands,98.800003,Westmidlands
548,01-Feb-14,london,97.300003,London
549,01-Feb-14,southwest,98.400002,Southwest
550,01-Mar-14,england,98.300003,England
551,01-Mar-14,northwest,99.400002,Northwest
552,01-Mar-14,westmidlands,98.900002,Westmidlands
553,01-Mar-14,london,97.5,London
554,01-Mar-14,southwest,98.5,Southwest
555,01-Apr-14,england,98.400002,England
556,01-Apr-14,northwest,99.5,Northwest
557,01-Apr-14,westmidlands,99,Westmidlands
558,01-Apr-14,london,97.699997,London
559,01-Apr-14,southwest,98.699997,Southwest
560,01-May-14,england,98.5,England
561,01-May-14,northwest,99.5,Northwest
562,01-May-14,westmidlands,99.099998,Westmidlands
563,01-May-14,london,98,London
564,01-May-14,southwest,98.699997,Southwest
565,01-Jun-14,england,98.599998,England
566,01-Jun-14,northwest,99.599998,Northwest
567,01-Jun-14,westmidlands,99.099998,Westmidlands
568,01-Jun-14,london,98.099998,London
569,01-Jun-14,southwest,98.800003,Southwest
570,01-Jul-14,england,98.800003,England
571,01-Jul-14,northwest,99.599998,Northwest
572,01-Jul-14,westmidlands,99.300003,Westmidlands
573,01-Jul-14,london,98.300003,London
574,01-Jul-14,southwest,99,Southwest
575,01-Aug-14,england,98.900002,England
576,01-Aug-14,northwest,99.599998,Northwest
577,01-Aug-14,westmidlands,99.199997,Westmidlands
578,01-Aug-14,london,98.5,London
579,01-Aug-14,southwest,99.199997,Southwest
580,01-Sep-14,england,99,England
581,01-Sep-14,northwest,99.699997,Northwest
582,01-Sep-14,westmidlands,99.300003,Westmidlands
583,01-Sep-14,london,98.699997,London
584,01-Sep-14,southwest,99.199997,Southwest
585,01-Oct-14,england,99.199997,England
586,01-Oct-14,northwest,99.699997,Northwest
587,01-Oct-14,westmidlands,99.400002,Westmidlands
588,01-Oct-14,london,99,London
589,01-Oct-14,southwest,99.400002,Southwest
590,01-Nov-14,england,99.400002,England
591,01-Nov-14,northwest,99.800003,Northwest
592,01-Nov-14,westmidlands,99.699997,Westmidlands
593,01-Nov-14,london,99.199997,London
594,01-Nov-14,southwest,99.599998,Southwest
595,01-Dec-14,england,99.699997,England
596,01-Dec-14,northwest,99.900002,Northwest
597,01-Dec-14,westmidlands,99.800003,Westmidlands
598,01-Dec-14,london,99.5,London
599,01-Dec-14,southwest,99.800003,Southwest
600,01-Jan-15,england,100,England
601,01-Jan-15,northwest,100,Northwest
602,01-Jan-15,westmidlands,100,Westmidlands
603,01-Jan-15,london,100,London
604,01-Jan-15,southwest,100,Southwest
605,01-Feb-15,england,100.2,England
606,01-Feb-15,northwest,100,Northwest
607,01-Feb-15,westmidlands,100.1,Westmidlands
608,01-Feb-15,london,100.3,London
609,01-Feb-15,southwest,100.1,Southwest
610,01-Mar-15,england,100.4,England
611,01-Mar-15,northwest,100,Northwest
612,01-Mar-15,westmidlands,100.2,Westmidlands
613,01-Mar-15,london,100.6,London
614,01-Mar-15,southwest,100.2,Southwest
615,01-Apr-15,england,100.6,England
616,01-Apr-15,northwest,100.1,Northwest
617,01-Apr-15,westmidlands,100.4,Westmidlands
618,01-Apr-15,london,100.9,London
619,01-Apr-15,southwest,100.4,Southwest
620,01-May-15,england,100.9,England
621,01-May-15,northwest,100.1,Northwest
622,01-May-15,westmidlands,100.6,Westmidlands
623,01-May-15,london,101.5,London
624,01-May-15,southwest,100.5,Southwest
625,01-Jun-15,england,101.1,England
626,01-Jun-15,northwest,100.1,Northwest
627,01-Jun-15,westmidlands,100.8,Westmidlands
628,01-Jun-15,london,101.8,London
629,01-Jun-15,southwest,100.6,Southwest
630,01-Jul-15,england,101.2,England
631,01-Jul-15,northwest,100.2,Northwest
632,01-Jul-15,westmidlands,101,Westmidlands
633,01-Jul-15,london,102,London
634,01-Jul-15,southwest,100.6,Southwest
635,01-Aug-15,england,101.6,England
636,01-Aug-15,northwest,100.4,Northwest
637,01-Aug-15,westmidlands,101.1,Westmidlands
638,01-Aug-15,london,102.7,London
639,01-Aug-15,southwest,100.9,Southwest
640,01-Sep-15,england,101.8,England
641,01-Sep-15,northwest,100.4,Northwest
642,01-Sep-15,westmidlands,101.2,Westmidlands
643,01-Sep-15,london,102.8,London
644,01-Sep-15,southwest,101,Southwest
645,01-Oct-15,england,102,England
646,01-Oct-15,northwest,100.6,Northwest
647,01-Oct-15,westmidlands,101.3,Westmidlands
648,01-Oct-15,london,103,London
649,01-Oct-15,southwest,101.1,Southwest
650,01-Nov-15,england,102.2,England
651,01-Nov-15,northwest,100.8,Northwest
652,01-Nov-15,westmidlands,101.4,Westmidlands
653,01-Nov-15,london,103.3,London
654,01-Nov-15,southwest,101.3,Southwest
655,01-Dec-15,england,102.3,England
656,01-Dec-15,northwest,100.9,Northwest
657,01-Dec-15,westmidlands,101.6,Westmidlands
658,01-Dec-15,london,103.4,London
659,01-Dec-15,southwest,101.1,Southwest
660,01-Jan-16,england,102.7,England
661,01-Jan-16,northwest,101,Northwest
662,01-Jan-16,westmidlands,101.8,Westmidlands
663,01-Jan-16,london,103.9,London
664,01-Jan-16,southwest,101.3,Southwest
665,01-Feb-16,england,102.9,England
666,01-Feb-16,northwest,101,Northwest
667,01-Feb-16,westmidlands,101.9,Westmidlands
668,01-Feb-16,london,104.1,London
669,01-Feb-16,southwest,101.5,Southwest
670,01-Mar-16,england,103.1,England
671,01-Mar-16,northwest,101.1,Northwest
672,01-Mar-16,westmidlands,102.1,Westmidlands
673,01-Mar-16,london,104.4,London
674,01-Mar-16,southwest,101.8,Southwest
675,01-Apr-16,england,103.4,England
676,01-Apr-16,northwest,101.2,Northwest
677,01-Apr-16,westmidlands,102.2,Westmidlands
678,01-Apr-16,london,104.7,London
679,01-Apr-16,southwest,101.9,Southwest
680,01-May-16,england,103.6,England
681,01-May-16,northwest,101.3,Northwest
682,01-May-16,westmidlands,102.3,Westmidlands
683,01-May-16,london,104.8,London
684,01-May-16,southwest,102.1,Southwest
685,01-Jun-16,england,103.7,England
686,01-Jun-16,northwest,101.3,Northwest
687,01-Jun-16,westmidlands,102.4,Westmidlands
688,01-Jun-16,london,104.9,London
689,01-Jun-16,southwest,102.3,Southwest
690,01-Jul-16,england,103.8,England
691,01-Jul-16,northwest,101.4,Northwest
692,01-Jul-16,westmidlands,102.5,Westmidlands
693,01-Jul-16,london,105,London
694,01-Jul-16,southwest,102.4,Southwest
695,01-Aug-16,england,104.1,England
696,01-Aug-16,northwest,101.5,Northwest
697,01-Aug-16,westmidlands,102.9,Westmidlands
698,01-Aug-16,london,105.3,London
699,01-Aug-16,southwest,102.9,Southwest
700,01-Sep-16,england,104.3,England
701,01-Sep-16,northwest,101.7,Northwest
702,01-Sep-16,westmidlands,103.1,Westmidlands
703,01-Sep-16,london,105.5,London
704,01-Sep-16,southwest,103.2,Southwest
705,01-Oct-16,england,104.5,England
706,01-Oct-16,northwest,101.9,Northwest
707,01-Oct-16,westmidlands,103.5,Westmidlands
708,01-Oct-16,london,105.7,London
709,01-Oct-16,southwest,103.5,Southwest
710,01-Nov-16,england,104.7,England
711,01-Nov-16,northwest,102,Northwest
712,01-Nov-16,westmidlands,103.6,Westmidlands
713,01-Nov-16,london,105.7,London
714,01-Nov-16,southwest,103.8,Southwest
715,01-Dec-16,england,104.9,England
716,01-Dec-16,northwest,102.1,Northwest
717,01-Dec-16,westmidlands,103.8,Westmidlands
718,01-Dec-16,london,105.8,London
719,01-Dec-16,southwest,104,Southwest
720,01-Jan-17,england,105.1,England
721,01-Jan-17,northwest,102.2,Northwest
722,01-Jan-17,westmidlands,104,Westmidlands
723,01-Jan-17,london,106.1,London
724,01-Jan-17,southwest,104.2,Southwest
725,01-Feb-17,england,105.2,England
726,01-Feb-17,northwest,102.3,Northwest
727,01-Feb-17,westmidlands,104.2,Westmidlands
728,01-Feb-17,london,106.1,London
729,01-Feb-17,southwest,104.3,Southwest
730,01-Mar-17,england,105.3,England
731,01-Mar-17,northwest,102.4,Northwest
732,01-Mar-17,westmidlands,104.2,Westmidlands
733,01-Mar-17,london,106,London
734,01-Mar-17,southwest,104.4,Southwest
735,01-Apr-17,england,105.4,England
736,01-Apr-17,northwest,102.5,Northwest
737,01-Apr-17,westmidlands,104.5,Westmidlands
738,01-Apr-17,london,106.1,London
739,01-Apr-17,southwest,104.5,Southwest
740,01-May-17,england,105.5,England
741,01-May-17,northwest,102.7,Northwest
742,01-May-17,westmidlands,104.5,Westmidlands
743,01-May-17,london,106.3,London
744,01-May-17,southwest,104.7,Southwest
745,01-Jun-17,england,105.6,England
746,01-Jun-17,northwest,102.8,Northwest
747,01-Jun-17,westmidlands,104.7,Westmidlands
748,01-Jun-17,london,106.3,London
749,01-Jun-17,southwest,104.7,Southwest
750,01-Jul-17,england,105.8,England
751,01-Jul-17,northwest,102.8,Northwest
752,01-Jul-17,westmidlands,104.8,Westmidlands
753,01-Jul-17,london,106.5,London
754,01-Jul-17,southwest,105,Southwest
755,01-Aug-17,england,105.9,England
756,01-Aug-17,northwest,102.9,Northwest
757,01-Aug-17,westmidlands,105,Westmidlands
758,01-Aug-17,london,106.5,London
759,01-Aug-17,southwest,105.1,Southwest
760,01-Sep-17,england,106,England
761,01-Sep-17,northwest,103.1,Northwest
762,01-Sep-17,westmidlands,105.1,Westmidlands
763,01-Sep-17,london,106.5,London
764,01-Sep-17,southwest,105.4,Southwest
765,01-Oct-17,england,106.1,England
766,01-Oct-17,northwest,103.2,Northwest
767,01-Oct-17,westmidlands,105.2,Westmidlands
768,01-Oct-17,london,106.5,London
769,01-Oct-17,southwest,105.7,Southwest
770,01-Nov-17,england,106.2,England
771,01-Nov-17,northwest,103.3,Northwest
772,01-Nov-17,westmidlands,105.5,Westmidlands
773,01-Nov-17,london,106.4,London
774,01-Nov-17,southwest,106,Southwest
775,01-Dec-17,england,106.2,England
776,01-Dec-17,northwest,103.4,Northwest
777,01-Dec-17,westmidlands,105.6,Westmidlands
778,01-Dec-17,london,106.2,London
779,01-Dec-17,southwest,106.2,Southwest
780,01-Jan-18,england,106.3,England
781,01-Jan-18,northwest,103.5,Northwest
782,01-Jan-18,westmidlands,105.8,Westmidlands
783,01-Jan-18,london,106.3,London
784,01-Jan-18,southwest,106.4,Southwest
785,01-Feb-18,england,106.4,England
786,01-Feb-18,northwest,103.6,Northwest
787,01-Feb-18,westmidlands,105.9,Westmidlands
788,01-Feb-18,london,106.2,London
789,01-Feb-18,southwest,106.5,Southwest
790,01-Mar-18,england,106.4,England
791,01-Mar-18,northwest,103.7,Northwest
792,01-Mar-18,westmidlands,106.1,Westmidlands
793,01-Mar-18,london,106.1,London
794,01-Mar-18,southwest,106.6,Southwest
795,01-Apr-18,england,106.5,England
796,01-Apr-18,northwest,103.8,Northwest
797,01-Apr-18,westmidlands,106.2,Westmidlands
798,01-Apr-18,london,106.1,London
799,01-Apr-18,southwest,106.7,Southwest
800,01-May-18,england,106.6,England
801,01-May-18,northwest,103.8,Northwest
802,01-May-18,westmidlands,106.3,Westmidlands
803,01-May-18,london,106.1,London
804,01-May-18,southwest,106.8,Southwest
805,01-Jun-18,england,106.7,England
806,01-Jun-18,northwest,103.9,Northwest
807,01-Jun-18,westmidlands,106.4,Westmidlands
808,01-Jun-18,london,106.1,London
809,01-Jun-18,southwest,106.9,Southwest
810,01-Jul-18,england,106.8,England
811,01-Jul-18,northwest,104,Northwest
812,01-Jul-18,westmidlands,106.5,Westmidlands
813,01-Jul-18,london,106.2,London
814,01-Jul-18,southwest,107,Southwest
815,01-Aug-18,england,106.9,England
816,01-Aug-18,northwest,104.1,Northwest
817,01-Aug-18,westmidlands,106.7,Westmidlands
818,01-Aug-18,london,106.3,London
819,01-Aug-18,southwest,107.3,Southwest
820,01-Sep-18,england,107,England
821,01-Sep-18,northwest,104.1,Northwest
822,01-Sep-18,westmidlands,106.9,Westmidlands
823,01-Sep-18,london,106.3,London
824,01-Sep-18,southwest,107.4,Southwest
825,01-Oct-18,england,107.1,England
826,01-Oct-18,northwest,104.2,Northwest
827,01-Oct-18,westmidlands,107.1,Westmidlands
828,01-Oct-18,london,106.3,London
829,01-Oct-18,southwest,107.6,Southwest
830,01-Nov-18,england,107.2,England
831,01-Nov-18,northwest,104.3,Northwest
832,01-Nov-18,westmidlands,107.4,Westmidlands
833,01-Nov-18,london,106.3,London
834,01-Nov-18,southwest,107.6,Southwest
835,01-Dec-18,england,107.4,England
836,01-Dec-18,northwest,104.4,Northwest
837,01-Dec-18,westmidlands,107.6,Westmidlands
838,01-Dec-18,london,106.4,London
839,01-Dec-18,southwest,107.9,Southwest
840,01-Jan-19,england,107.4,England
841,01-Jan-19,northwest,104.6,Northwest
842,01-Jan-19,westmidlands,107.6,Westmidlands
843,01-Jan-19,london,106.4,London
844,01-Jan-19,southwest,108.2,Southwest
845,01-Feb-19,england,107.6,England
846,01-Feb-19,northwest,104.8,Northwest
847,01-Feb-19,westmidlands,107.8,Westmidlands
848,01-Feb-19,london,106.5,London
849,01-Feb-19,southwest,108.4,Southwest
850,01-Mar-19,england,107.7,England
851,01-Mar-19,northwest,104.9,Northwest
852,01-Mar-19,westmidlands,107.8,Westmidlands
853,01-Mar-19,london,106.6,London
854,01-Mar-19,southwest,108.5,Southwest
855,01-Apr-19,england,107.8,England
856,01-Apr-19,northwest,105.1,Northwest
857,01-Apr-19,westmidlands,108,Westmidlands
858,01-Apr-19,london,106.7,London
859,01-Apr-19,southwest,108.6,Southwest
860,01-May-19,england,108,England
861,01-May-19,northwest,105.2,Northwest
862,01-May-19,westmidlands,107.8,Westmidlands
863,01-May-19,london,107,London
864,01-May-19,southwest,108.9,Southwest
865,01-Jun-19,england,108.1,England
866,01-Jun-19,northwest,105.3,Northwest
867,01-Jun-19,westmidlands,108,Westmidlands
868,01-Jun-19,london,107,London
869,01-Jun-19,southwest,109,Southwest
870,01-Jul-19,england,108.2,England
871,01-Jul-19,northwest,105.4,Northwest
872,01-Jul-19,westmidlands,108.1,Westmidlands
873,01-Jul-19,london,107.2,London
874,01-Jul-19,southwest,109.2,Southwest
875,01-Aug-19,england,108.3,England
876,01-Aug-19,northwest,105.5,Northwest
877,01-Aug-19,westmidlands,108.3,Westmidlands
878,01-Aug-19,london,107.1,London
879,01-Aug-19,southwest,109.4,Southwest
880,01-Sep-19,england,108.4,England
881,01-Sep-19,northwest,105.5,Northwest
882,01-Sep-19,westmidlands,108.4,Westmidlands
883,01-Sep-19,london,107.2,London
884,01-Sep-19,southwest,109.6,Southwest
885,01-Oct-19,england,108.6,England
886,01-Oct-19,northwest,105.5,Northwest
887,01-Oct-19,westmidlands,108.6,Westmidlands
888,01-Oct-19,london,107.3,London
889,01-Oct-19,southwest,109.9,Southwest
890,01-Nov-19,england,108.7,England
891,01-Nov-19,northwest,105.6,Northwest
892,01-Nov-19,westmidlands,108.8,Westmidlands
893,01-Nov-19,london,107.4,London
894,01-Nov-19,southwest,110.1,Southwest
895,01-Dec-19,england,108.9,England
896,01-Dec-19,northwest,105.7,Northwest
897,01-Dec-19,westmidlands,109,Westmidlands
898,01-Dec-19,london,107.6,London
899,01-Dec-19,southwest,110.3,Southwest
900,01-Jan-20,england,109.1,England
901,01-Jan-20,northwest,105.7,Northwest
902,01-Jan-20,westmidlands,109.4,Westmidlands
903,01-Jan-20,london,107.7,London
904,01-Jan-20,southwest,110.8,Southwest
905,01-Feb-20,england,109.1,England
906,01-Feb-20,northwest,105.8,Northwest
907,01-Feb-20,westmidlands,109.5,Westmidlands
908,01-Feb-20,london,107.7,London
909,01-Feb-20,southwest,110.9,Southwest
910,01-Mar-20,england,109.3,England
911,01-Mar-20,northwest,105.9,Northwest
912,01-Mar-20,westmidlands,109.5,Westmidlands
913,01-Mar-20,london,107.9,London
914,01-Mar-20,southwest,111,Southwest
915,01-Apr-20,england,109.4,England
916,01-Apr-20,northwest,106,Northwest
917,01-Apr-20,westmidlands,109.9,Westmidlands
918,01-Apr-20,london,108,London
919,01-Apr-20,southwest,111.4,Southwest
920,01-May-20,england,109.6,England
921,01-May-20,northwest,106.3,Northwest
922,01-May-20,westmidlands,110.1,Westmidlands
923,01-May-20,london,108.2,London
924,01-May-20,southwest,111.6,Southwest
925,01-Jun-20,england,109.7,England
926,01-Jun-20,northwest,106.4,Northwest
927,01-Jun-20,westmidlands,110.2,Westmidlands
928,01-Jun-20,london,108.3,London
929,01-Jun-20,southwest,111.8,Southwest
930,01-Jul-20,england,109.8,England
931,01-Jul-20,northwest,106.5,Northwest
932,01-Jul-20,westmidlands,110.4,Westmidlands
933,01-Jul-20,london,108.3,London
934,01-Jul-20,southwest,111.9,Southwest
935,01-Aug-20,england,109.9,England
936,01-Aug-20,northwest,106.7,Northwest
937,01-Aug-20,westmidlands,110.6,Westmidlands
938,01-Aug-20,london,108.5,London
939,01-Aug-20,southwest,112.1,Southwest
940,01-Sep-20,england,110.1,England
941,01-Sep-20,northwest,106.9,Northwest
942,01-Sep-20,westmidlands,110.9,Westmidlands
943,01-Sep-20,london,108.6,London
944,01-Sep-20,southwest,112.3,Southwest
945,01-Oct-20,england,110.1,England
946,01-Oct-20,northwest,107,Northwest
947,01-Oct-20,westmidlands,111.1,Westmidlands
948,01-Oct-20,london,108.2,London
949,01-Oct-20,southwest,112.5,Southwest
950,01-Nov-20,england,110.2,England
951,01-Nov-20,northwest,107.2,Northwest
952,01-Nov-20,westmidlands,111.3,Westmidlands
953,01-Nov-20,london,108.5,London
954,01-Nov-20,southwest,112.7,Southwest
955,01-Dec-20,england,110.4,England
956,01-Dec-20,northwest,107.3,Northwest
957,01-Dec-20,westmidlands,111.4,Westmidlands
958,01-Dec-20,london,108.6,London
959,01-Dec-20,southwest,113.1,Southwest
960,01-Jan-21,england,110.4,England
961,01-Jan-21,northwest,107.6,Northwest
962,01-Jan-21,westmidlands,111.4,Westmidlands
963,01-Jan-21,london,108.6,London
964,01-Jan-21,southwest,113.2,Southwest
965,01-Feb-21,england,110.6,England
966,01-Feb-21,northwest,107.8,Northwest
967,01-Feb-21,westmidlands,111.5,Westmidlands
968,01-Feb-21,london,108.5,London
969,01-Feb-21,southwest,113.5,Southwest
970,01-Mar-21,england,110.6,England
971,01-Mar-21,northwest,108,Northwest
972,01-Mar-21,westmidlands,111.6,Westmidlands
973,01-Mar-21,london,108.5,London
974,01-Mar-21,southwest,113.8,Southwest
975,01-Apr-21,england,110.7,England
976,01-Apr-21,northwest,108.2,Northwest
977,01-Apr-21,westmidlands,112.2,Westmidlands
978,01-Apr-21,london,108.1,London
979,01-Apr-21,southwest,114,Southwest
980,01-May-21,england,110.8,England
981,01-May-21,northwest,108.4,Northwest
982,01-May-21,westmidlands,112.5,Westmidlands
983,01-May-21,london,108.1,London
984,01-May-21,southwest,114.2,Southwest
985,01-Jun-21,england,111,England
986,01-Jun-21,northwest,108.5,Northwest
987,01-Jun-21,westmidlands,112.9,Westmidlands
988,01-Jun-21,london,108.2,London
989,01-Jun-21,southwest,114.4,Southwest
990,01-Jul-21,england,111.1,England
991,01-Jul-21,northwest,108.7,Northwest
992,01-Jul-21,westmidlands,113,Westmidlands
993,01-Jul-21,london,108.2,London
994,01-Jul-21,southwest,114.7,Southwest
995,01-Aug-21,england,111.3,England
996,01-Aug-21,northwest,109,Northwest
997,01-Aug-21,westmidlands,113.1,Westmidlands
998,01-Aug-21,london,108.1,London
999,01-Aug-21,southwest,115.1,Southwest
1000,01-Sep-21,england,111.5,England
1001,01-Sep-21,northwest,109.3,Northwest
1002,01-Sep-21,westmidlands,113.4,Westmidlands
1003,01-Sep-21,london,108.3,London
1004,01-Sep-21,southwest,115.4,Southwest
1005,01-Oct-21,england,111.8,England
1006,01-Oct-21,northwest,109.6,Northwest
1007,01-Oct-21,westmidlands,113.6,Westmidlands
1008,01-Oct-21,london,108.4,London
1009,01-Oct-21,southwest,115.9,Southwest
1010,01-Nov-21,england,112,England
1011,01-Nov-21,northwest,110,Northwest
1012,01-Nov-21,westmidlands,114.1,Westmidlands
1013,01-Nov-21,london,108.4,London
1014,01-Nov-21,southwest,116.2,Southwest
1015,01-Dec-21,england,112.3,England
1016,01-Dec-21,northwest,110.5,Northwest
1017,01-Dec-21,westmidlands,114.5,Westmidlands
1018,01-Dec-21,london,108.4,London
1019,01-Dec-21,southwest,116.6,Southwest
1020,01-Jan-22,england,112.6,England
1021,01-Jan-22,northwest,110.9,Northwest
1022,01-Jan-22,westmidlands,114.9,Westmidlands
1023,01-Jan-22,london,108.6,London
1024,01-Jan-22,southwest,117.2,Southwest
1025,01-Feb-22,england,112.9,England
1026,01-Feb-22,northwest,111.2,Northwest
1027,01-Feb-22,westmidlands,115.1,Westmidlands
1028,01-Feb-22,london,108.8,London
1029,01-Feb-22,southwest,117.4,Southwest
1030,01-Mar-22,england,113.1,England
1031,01-Mar-22,northwest,111.5,Northwest
1032,01-Mar-22,westmidlands,115.3,Westmidlands
1033,01-Mar-22,london,108.9,London
1034,01-Mar-22,southwest,117.7,Southwest
1035,01-Apr-22,england,113.5,England
1036,01-Apr-22,northwest,111.9,Northwest
1037,01-Apr-22,westmidlands,115.6,Westmidlands
1038,01-Apr-22,london,109.3,London
1039,01-Apr-22,southwest,118.2,Southwest
1040,01-May-22,england,113.9,England
1041,01-May-22,northwest,112.2,Northwest
1042,01-May-22,westmidlands,116,Westmidlands
1043,01-May-22,london,109.7,London
1044,01-May-22,southwest,118.7,Southwest
1045,01-Jun-22,england,114.2,England
1046,01-Jun-22,northwest,112.6,Northwest
1047,01-Jun-22,westmidlands,116.4,Westmidlands
1048,01-Jun-22,london,110.1,London
1049,01-Jun-22,southwest,119,Southwest
1050,01-Jul-22,england,114.6,England
1051,01-Jul-22,northwest,113,Northwest
1052,01-Jul-22,westmidlands,116.7,Westmidlands
1053,01-Jul-22,london,110.5,London
1054,01-Jul-22,southwest,119.3,Southwest
1055,01-Aug-22,england,115,England
1056,01-Aug-22,northwest,113.5,Northwest
1057,01-Aug-22,westmidlands,117,Westmidlands
1058,01-Aug-22,london,110.9,London
1059,01-Aug-22,southwest,120,Southwest
1060,01-Sep-22,england,115.5,England
1061,01-Sep-22,northwest,114,Northwest
1062,01-Sep-22,westmidlands,117.6,Westmidlands
1063,01-Sep-22,london,111.3,London
1064,01-Sep-22,southwest,120.5,Southwest
1065,01-Oct-22,england,115.9,England
1066,01-Oct-22,northwest,114.5,Northwest
1067,01-Oct-22,westmidlands,118,Westmidlands
1068,01-Oct-22,london,111.6,London
1069,01-Oct-22,southwest,120.9,Southwest
1070,01-Nov-22,england,116.4,England
1071,01-Nov-22,northwest,115.2,Northwest
1072,01-Nov-22,westmidlands,118.4,Westmidlands
1073,01-Nov-22,london,112.2,London
1074,01-Nov-22,southwest,121.3,Southwest
